"Timestamp","Quanto tempo gasta em média à procura de estacionamento?","Sente necessidade de reduzir o tempo de procura de lugar de estacionamento?","Costuma pagar por estacionamento?","Qual usa mais:","Beneficiaria com uma aplicação onde pudesse saber onde há um lugar de estacionamento livre em tempo real?","Que funcionalidade(s) acha mais importante? "
"2019/11/09 3:10:00 pm GMT","10 min","Sim","Não","Lugares de estacionamento públicos","Sim","Preço mais baixo (caso estacionamento seja pago)"
"2019/11/09 3:10:07 pm GMT","5 min","Não","Não","Lugares de estacionamento públicos","Não",""
"2019/11/09 3:10:54 pm GMT","20 min","Sim","Sim","Parques privados","Sim","Preço mais baixo (caso estacionamento seja pago)"
"2019/11/09 3:14:25 pm GMT","10 min","Sim","Sim","Lugares de estacionamento públicos","Sim","Redução do tempo de procura de lugar de estacionamento livre"
"2019/11/09 3:19:50 pm GMT","20 min","Sim","Sim","Lugares de estacionamento públicos","Sim","Redução do tempo de procura de lugar de estacionamento livre"
"2019/11/09 4:15:03 pm GMT","10 min","Sim","Não","Lugares de estacionamento públicos","Sim","Redução do tempo de procura de lugar de estacionamento livre"